Model,Accuracy,Precision,Recall,F1-Score
TabNet,0.9997630331753554,0.9997631109203766,0.9997630331753554,0.9997630020888242
LSTM,0.7311796087729697,0.5346236202853931,0.7311796087729697,0.6176408474038405
TCN,0.7309629629629629,0.534306853223594,0.7309629629629629,0.6173521498218519
