Feature,Importance
moisture,0.24888993720880023
temperature,0.20270856312897195
pH,0.1562229154186268
conductivity,0.11861437702621665
nitrogen,0.10800819876534651
potassium,0.090323026205606
phosphorus,0.07523298224643186
