Feature,Importance
moisture,0.21547247167027753
temperature,0.17947626613952172
conductivity,0.1418413704016397
potassium,0.13732763969071438
phosphorus,0.12204404629114311
pH,0.11121597621299929
nitrogen,0.09262222959370421
