Model,MAE,RMSE,R2
TabNet,0.04926001265047011,0.07439583194385116,0.9998291633030594
LSTM,3.9787148166142186,5.527306897284185,-0.001982079324201802
GRU,3.9272564991477434,5.524345578553109,-0.0009087199099080401
TCN,3.8630895253664415,5.53028919014581,-0.003281098261891602
Autoencoder,1.514757036982947,2.763240159903204,0.7643208187286231
