Model,MAE,RMSE,R2
TabNet,0.03885063016017252,0.059116775145706145,0.9998921288207316
LSTM,3.9007912095635584,5.523340469319468,-0.0005445388269758045
TCN,3.8696328880182786,5.525540153552364,-0.001558738826415329
