Feature,Importance
phosphorus,0.33796465500989553
potassium,0.2321914190467694
conductivity,0.2102850042508791
nitrogen,0.12423427586281756
temperature,0.05525319227227845
moisture,0.034829623765245336
pH,0.005241829792114687
