Feature,Importance
conductivity,0.35618802216509204
nitrogen,0.18946359603575577
phosphorus,0.16598317951700178
potassium,0.15633790453442956
temperature,0.07361035629475328
moisture,0.04464130387193942
pH,0.013775637581028177
