Feature,Importance
conductivity,0.46361916030207795
moisture,0.22428895769291562
pH,0.15661569717131033
temperature,0.15547618483369607
