Model,Accuracy,Precision,Recall,F1-Score,Macro F1,Balanced Acc,ROC AUC,FPR,FNR,BinScheme,CV Accuracy (meanôÝstd),CV Macro F1 (meanôÝstd),CV Balanced Acc (meanôÝstd)
TabNet,1.0,1.0,1.0,1.0,1.0,1.0,1.0,0.0,0.0,fixed(30/60/80),0.9979ôÝ0.0006,0.9978ôÝ0.0006,0.9980ôÝ0.0005
LSTM,0.3787788974510966,0.14347345315426838,0.3787788974510966,0.20811669430030158,0.1831470335339639,0.3333333333333333,,0.25,0.5,fixed(30/60/80),,,
GRU,0.34291641967990516,0.11759167088608484,0.34291641967990516,0.17512880051628796,0.17023467961450747,0.3333333333333333,,0.25,0.5,fixed(30/60/80),,,
TCN,0.37985185185185183,0.2728327497820916,0.37985185185185183,0.22903776841612544,0.2036619069339682,0.3354949956469184,,0.24908087168194676,0.4983787532648112,fixed(30/60/80),,,
Autoencoder,0.5936018957345972,0.689402357019824,0.5936018957345972,0.5763620241099624,0.5726383213279963,0.5991980054189502,,0.14756751807796922,0.30060149593578733,fixed(30/60/80),,,
