Feature,Importance
potassium,0.2243643676609348
temperature,0.20963489820403292
nitrogen,0.17812719700092625
conductivity,0.1389493519498241
moisture,0.13636544941739143
phosphorus,0.11255873576689049
