Feature,Importance
conductivity,0.22652067149645763
moisture,0.20471053681452517
nitrogen,0.1789234035459466
phosphorus,0.14286945558046799
potassium,0.12747050714708524
temperature,0.11950542541551741
