Feature,Importance
moisture,0.26526376429067433
nitrogen,0.22256799249656775
temperature,0.1545222777781687
phosphorus,0.14939107810735258
conductivity,0.10785716208565298
potassium,0.10039772524158369
