Model,MAE,RMSE,R2
TabNet,0.15585152553721063,0.23284179549984918,0.8244932584322561
LSTM,3.855808025029685,3.9007052912793987,-45.26589901328352
TCN,4.928780030625838,4.972982901091688,-74.21459529972724
