Model,MAE,RMSE,R2
TabNet,0.16545406899745999,0.259401303679253,0.7821707315846769
LSTM,3.855808025029685,3.9007052912793987,-45.26589901328352
GRU,0.9390857140270293,1.0731136495984288,-2.5015970248284916
TCN,4.703861458557624,4.742739023061167,-67.41111143816057
Autoencoder,3.7598060760255105,3.9096258074659347,-48.48143770027636
